Name,Address,City,State,Zipcode,Area,Amount
Victor Kowa,22 Webb Court,Stafford,VA,22556,7725,50
Emmanuel Roberts,40 Naples Rd,Stafford,VA,22554,7970,54
Cory Cousins,2003 Merrimac Dr,Stafford,VA,22554,6500,50
Peggy Ford,2009 Schooner Dr,Stafford,VA,22554,6500,54
Elizabeth H Hamlin,200 Rock Raymond Drive,Stafford,VA,22554,12500,90
Jon Reed,5458 Longstone Drive,Triangle,VA,22172,6000,55
Jared Goins,18975 Rosings Way,Triangle,VA,22172,8380,59
Karen Patel,16200 Chase Eagle Lane,Woodbridge,VA,22191,6000,69
Manish Adhikari,2960 Rising Eagle ,Woodbridge,VA,22191,6300,50
Holly Salloum,4058 Raft Cove,Woodbridge,VA,22193,4841,55
Arbindra Shah,15262 Sloop Court,Woodbridge,VA,22193,5200,50
Avis Pearson,5305 Stockton Court,Woobridge,VA,22193,8700,75
Avis Pearson,5295 Mansfield Ct,Dale City,VA,22193,7819,62
Kerry Goss,6485 Apple Tree Ct,Manassas,VA,20112,8560,60
Dan Hammel ,8179 Snowfall Dr.,Manassas,VA,20112,6300,75
Maureen Denyszyn,13104 Crestbrook Dr,Manassas,VA,20112,9600,60
James Saunders,10650 Palace Ct,Manassas,VA,20111,11575,60
Greg Rollins,10611 Palace Court,Manassas,VA,20111,11137,60
Wenners Ballard,10651 Palace Ct,Manassas,VA,20111,11500,60
Laura Gentile,10306 Lee Manor Dr,Manassas,VA,20110,7000,48
Lazaro Gonzalez,12602 Magic Spring Way,Bristow,VA,20136,6800,57
Irving Rivera,12160 Drum Salute Pl,Bristow,VA,20136,2219,42
Tom and Debbie Reynolds,6853 Colonel Taylor Lane,Centreville,VA,20121,4190,45
Duna and Keun Hur ,5001 Ethels Pond Ct,Fairfax ,VA,22030,7080,45
Dave Kuder,12358 Marionwood Ct,Herndon,VA,20171,6300,50
Amanda Sutton,7833 Martha Washington St,Alexandria,VA,22309,6600,60
Daniel Sergie & Stacey Campbell,13214 Armstead St,Woodbridge,VA,22191,4500,45
Llyod Alaimalo,7917 Pebble Brook Court,Springfield,VA,22153,3000,40
Janet Dangelo,6811 Bellamy Avenue,Springfield,VA,22152,7300,50
Lee Doyoung,9425 Wooded Glen Avenue,Burke,VA,22015,6600,55
Denisse Velasco,9424 Wooded Glen Ave,Burke,VA,22015,6000,54
Antony Nguyen-Ba,10207 Roberts Common Lane,Burke,VA,22015,1412,40
"Delaney, Ed",9707 Velilla Road,Burke,VA,22015,6100,50
Angelena Moy,9516 Waterline Drive,Burke,VA,22015,5812,48
Marie Calogero ,6220 Winslow Court,Fairfax Station,VA,22039,13900,80
Peggy,11505 FOUR PENNY LN,Fairfax Station,VA,22039,12800,86
Ted Pasek,6714 Colewood Estates Rd,Clifton,VA,20124,10500,54
Karen Farrish,7161 Twelve Oak Dr,Fairfax Station,VA,22039,29752,100
Kaye Culyba,7709 Lakeloft Ct,Fairfax Station,VA,22039,10080,63
Betty Finney,2890 Cedar Crest Ct,Woodbridge,VA,22192,6300,45
Michael Chebat,2886 Cedar Crest Ct,Woodbridge,VA,22192,6500,42
Ken Baldwin,2888 Cedar Crest Ct,Woodbridge,VA,22192,5800,42
Grace Artz ,11542 Hill Meade Lane,Woodbridge,VA,22192,1500,40
Selma larson,3273 Corcyra Ct,Woodbridge,VA,22192,2800,40
Dennis Cullinan,3974 Pepperridge Ct,Woodbridge,VA,22192,3390,50
Valarie Nesbit,3829 Clarke Farm Palace,Woodbridge,VA,22192,6100,49
Nishant Gurung,12604 Greenhouse View Lane,Woodbridge,VA,22192,6000,42
Troy Goff,13209 Hawthorn Lane,Woodbridge,VA,22193,6100,45
Rafael A.Rivera,13201 Hawthorn Lane,Woodbridge,VA,22193,5500,52
Debra Bales,4090 Croaker Lane,Woodbridge,VA,22193,6000,65
Selma larson,4610 Eastlawn Ave,Woodbridge,VA,22193,5000,63
Eliozardo P Ardiente,4313 Hamilton Dr,Woodbridge,VA,22193,6500,55
Jamshid Sharifi,15203 Calexico Lane,Woodbridge,VA,22193,7018,63
Millie and Mark Joyner,14706 Delano Dr,Woodbridge,VA,22193,5200,63
Maggie Fernandez,5825 Riverside Dr,Woodbridge,VA,22193,8190,55